{"cameraMode":{"drawMode":0,"name":"Shaded","section":"Shading Mode"},"sceneLighting":true,"audioPlay":false,"sceneViewState":{"showFog":true,"showMaterialUpdate":false,"showSkybox":true,"showFlares":true,"showImageEffects":true,"showParticleSystems":true},"in2DMode":false,"pivot":{"x":3.8646645545959474,"y":1.9810234308242798,"z":4.888511657714844},"rotation":{"x":-0.08337467163801193,"y":0.13933902978897096,"z":-0.01191277801990509,"w":-0.986795961856842},"size":4.944524765014648,"orthographic":false}